EVTNAME95502;The National Awakening;French;German;Polish;Spanish;Italian;Swedish;Czech;Hungarian;Dutch;Portuguese;Russian;Finnish;x
EVTDESC95502;The estophiles of the Learned Estonian Society have begun collecting the songs and folkways of the common people. In Tartu and Tallinn, Estonians are reading newspapers in their own tongue and asking why the land they till is ruled by others. A national awakening is stirring.;French;German;Polish;Spanish;Italian;Swedish;Czech;Hungarian;Dutch;Portuguese;Russian;Finnish;x
EVTOPTA95502;Mu isamaa on minu arm!;French;German;Polish;Spanish;Italian;Swedish;Czech;Hungarian;Dutch;Portuguese;Russian;Finnish;x
EVTOPTB95502;It is but peasant sentiment.;French;German;Polish;Spanish;Italian;Swedish;Czech;Hungarian;Dutch;Portuguese;Russian;Finnish;x
EVTNAME95503;The Estonian-Language Press;French;German;Polish;Spanish;Italian;Swedish;Czech;Hungarian;Dutch;Portuguese;Russian;Finnish;x
EVTDESC95503;Permission has been granted to publish newspapers in Estonian. The first presses roll in Tallinn, and with them the words of the nation reach every parish within the week.;French;German;Polish;Spanish;Italian;Swedish;Czech;Hungarian;Dutch;Portuguese;Russian;Finnish;x
EVTOPTA95503;Print the truth in the mother tongue.;French;German;Polish;Spanish;Italian;Swedish;Czech;Hungarian;Dutch;Portuguese;Russian;Finnish;x
EVTOPTB95503;The censor will have his say first.;French;German;Polish;Spanish;Italian;Swedish;Czech;Hungarian;Dutch;Portuguese;Russian;Finnish;x
EVTNAME95504;The Kalevipoeg Is Read Aloud;French;German;Polish;Spanish;Italian;Swedish;Czech;Hungarian;Dutch;Portuguese;Russian;Finnish;x
EVTDESC95504;Kreutzwald's epic of Kalev's son has passed from the scholars' salons to the farmhouse evenings of the land. Where the songs are sung, the idea of a nation grows.;French;German;Polish;Spanish;Italian;Swedish;Czech;Hungarian;Dutch;Portuguese;Russian;Finnish;x
EVTOPTA95504;Sing on, ye people.;French;German;Polish;Spanish;Italian;Swedish;Czech;Hungarian;Dutch;Portuguese;Russian;Finnish;x
EVTNAME95505;A Nation of Singers;French;German;Polish;Spanish;Italian;Swedish;Czech;Hungarian;Dutch;Portuguese;Russian;Finnish;x
EVTDESC95505;Tens of thousands have gathered on the song grounds. Choirs from every county, in national dress, singing in one voice. Foreign newspapers send their correspondents - the world takes note of a small people singing loudly.;French;German;Polish;Spanish;Italian;Swedish;Czech;Hungarian;Dutch;Portuguese;Russian;Finnish;x
EVTOPTA95505;Let the songs be heard across the Baltic!;French;German;Polish;Spanish;Italian;Swedish;Czech;Hungarian;Dutch;Portuguese;Russian;Finnish;x
EVTNAME95506;Jakobson and the Sakala Generation;French;German;Polish;Spanish;Italian;Swedish;Czech;Hungarian;Dutch;Portuguese;Russian;Finnish;x
EVTDESC95506;Carl Robert Jakobson has raised a fierce voice in the pages of Sakala: schools in Estonian, honest courts, and an end to Baltic German privilege. His pen stings the manor lords and excites the peasantry alike.;French;German;Polish;Spanish;Italian;Swedish;Czech;Hungarian;Dutch;Portuguese;Russian;Finnish;x
EVTOPTA95506;We shall not be mocked in our own land!;French;German;Polish;Spanish;Italian;Swedish;Czech;Hungarian;Dutch;Portuguese;Russian;Finnish;x
EVTOPTB95506;Prudence - the time is not yet ripe.;French;German;Polish;Spanish;Italian;Swedish;Czech;Hungarian;Dutch;Portuguese;Russian;Finnish;x
EVTNAME95507;The Alexander School Movement;French;German;Polish;Spanish;Italian;Swedish;Czech;Hungarian;Dutch;Portuguese;Russian;Finnish;x
EVTDESC95507;Across the land, farmers are collecting kopecks into a great common purse: a school of higher learning where the language of instruction shall be Estonian. The Alexander School committee gathers in Tartu to count the pennies of the poor.;French;German;Polish;Spanish;Italian;Swedish;Czech;Hungarian;Dutch;Portuguese;Russian;Finnish;x
EVTOPTA95507;Our pennies shall build our school.;French;German;Polish;Spanish;Italian;Swedish;Czech;Hungarian;Dutch;Portuguese;Russian;Finnish;x
EVTOPTB95507;Keep the money in the parish.;French;German;Polish;Spanish;Italian;Swedish;Czech;Hungarian;Dutch;Portuguese;Russian;Finnish;x
EVTNAME95508;The Pressure of Russification;French;German;Polish;Spanish;Italian;Swedish;Czech;Hungarian;Dutch;Portuguese;Russian;Finnish;x
VTDESC95508;;French;German;Polish;Spanish;Italian;Swedish;Czech;Hungarian;Dutch;Portuguese;Russian;Finnish;x
EVTDESC95508;New orders arrive from Saint Petersburg: Russian in the schools, Russian in the offices, Russian in the churches of the wrong rite. The Baltic German gentry lose their privileges - the Estonian peasants lose their language.;French;German;Polish;Spanish;Italian;Swedish;Czech;Hungarian;Dutch;Portuguese;Russian;Finnish;x
EVTOPTA95508;We will keep our tongue behind closed doors.;French;German;Polish;Spanish;Italian;Swedish;Czech;Hungarian;Dutch;Portuguese;Russian;Finnish;x
EVTOPTB95508;The storm will pass - bend but do not break.;French;German;Polish;Spanish;Italian;Swedish;Czech;Hungarian;Dutch;Portuguese;Russian;Finnish;x
EVTNAME95509;Tõnisson's Postimees;French;German;Polish;Spanish;Italian;Swedish;Czech;Hungarian;Dutch;Portuguese;Russian;Finnish;x
EVTDESC95509;A young Tartu lawyer, Jaan Tõnisson, has taken over the daily Postimees and made it the schoolbook of the nation. His editorials call for patience, law, and organization - and for Estonians to become a nation of readers, not rebels.;French;German;Polish;Spanish;Italian;Swedish;Czech;Hungarian;Dutch;Portuguese;Russian;Finnish;x
EVTOPTA95509;A newspaper in every farmhouse.;French;German;Polish;Spanish;Italian;Swedish;Czech;Hungarian;Dutch;Portuguese;Russian;Finnish;x
EVTNAME95510;The Vaps Movement;French;German;Polish;Spanish;Italian;Swedish;Czech;Hungarian;Dutch;Portuguese;Russian;Finnish;x
EVTDESC95510;Veterans of the Independence War, in uniforms too worn to surrender, march through Tallinn demanding a stronger state. They recall the subsidized grain of the war years and the corruption of the old parties. Some hail them as saviors - others hear in their boots an echo of Italy.;French;German;Polish;Spanish;Italian;Swedish;Czech;Hungarian;Dutch;Portuguese;Russian;Finnish;x
EVTOPTA95510;Their grievances are our grievances.;French;German;Polish;Spanish;Italian;Swedish;Czech;Hungarian;Dutch;Portuguese;Russian;Finnish;x
EVTOPTB95510;The republic has one army, not two.;French;German;Polish;Spanish;Italian;Swedish;Czech;Hungarian;Dutch;Portuguese;Russian;Finnish;x
EVTNAME95511;The Armored Train Doctrine;French;German;Polish;Spanish;Italian;Swedish;Czech;Hungarian;Dutch;Portuguese;Russian;Finnish;x
EVTDESC95511;After the war, the soomusrong regiments have been studied by our general staff. Where the rails run, an armored train is a fortress that moves. Our doctrine now builds upon rails, naval guns, and volunteer crews.;French;German;Polish;Spanish;Italian;Swedish;Czech;Hungarian;Dutch;Portuguese;Russian;Finnish;x
EVTOPTA95511;Standing orders for the Armored Train Division!;French;German;Polish;Spanish;Italian;Swedish;Czech;Hungarian;Dutch;Portuguese;Russian;Finnish;x
EVTOPTB95511;Careful maintenance wins wars.;French;German;Polish;Spanish;Italian;Swedish;Czech;Hungarian;Dutch;Portuguese;Russian;Finnish;x
EVTNAME95512;Brothers Across the Gulf;French;German;Polish;Spanish;Italian;Swedish;Czech;Hungarian;Dutch;Portuguese;Russian;Finnish;x
EVTDESC95512;Across the water, Finland has won her freedom too. Both nations claim the same songs and nearly the same words. Volunteers and rifles have already crossed the gulf in both directions - now the two governments prepare to bind their fortunes together.;French;German;Polish;Spanish;Italian;Swedish;Czech;Hungarian;Dutch;Portuguese;Russian;Finnish;x
EVTOPTA95512;One sea, two shores, one kinship.;French;German;Polish;Spanish;Italian;Swedish;Czech;Hungarian;Dutch;Portuguese;Russian;Finnish;x
EVTNAME95513;The Provisional Government;French;German;Polish;Spanish;Italian;Swedish;Czech;Hungarian;Dutch;Portuguese;Russian;Finnish;x
EVTDESC95513;Amid the collapse of empire, Estonian leaders have gathered and declared a provisional government, answerable to the Estonian people alone. In Tallinn the tricolor rises over Toompea.;French;German;Polish;Spanish;Italian;Swedish;Czech;Hungarian;Dutch;Portuguese;Russian;Finnish;x
EVTOPTA95513;The Republic of Estonia is proclaimed!;French;German;Polish;Spanish;Italian;Swedish;Czech;Hungarian;Dutch;Portuguese;Russian;Finnish;x
EVTNAME95514;The Coastal Swedes Petition;French;German;Polish;Spanish;Italian;Swedish;Czech;Hungarian;Dutch;Portuguese;Russian;Finnish;x
EVTDESC95514;The old Swedish fishing villages of the coast and islands - Ruhnu, Vormsi, Noarootsi - have sent a petition to Tallinn. Their pastors ask only that their tongue may live where it has lived for seven hundred years.;French;German;Polish;Spanish;Italian;Swedish;Czech;Hungarian;Dutch;Portuguese;Russian;Finnish;x
EVTOPTA95514;Their home is our home - their rights are ours to guard.;French;German;Polish;Spanish;Italian;Swedish;Czech;Hungarian;Dutch;Portuguese;Russian;Finnish;x
EVTOPTB95514;A nation must first look to its own.;French;German;Polish;Spanish;Italian;Swedish;Czech;Hungarian;Dutch;Portuguese;Russian;Finnish;x
EVTNAME95515;The Cultural Autonomy Law;French;German;Polish;Spanish;Italian;Swedish;Czech;Hungarian;Dutch;Portuguese;Russian;Finnish;x
EVTDESC95515;The Riigikogu has passed a law unique in Europe: any community of three thousand souls may form its own cultural self-government, with its own schools and church affairs. Minorities need no longer fear the state - the state has made loyalty cheap and treason pointless.;French;German;Polish;Spanish;Italian;Swedish;Czech;Hungarian;Dutch;Portuguese;Russian;Finnish;x
EVTOPTA95515;Let every tongue bloom in its own garden.;French;German;Polish;Spanish;Italian;Swedish;Czech;Hungarian;Dutch;Portuguese;Russian;Finnish;x
EVTNAME95516;The December Rising;French;German;Polish;Spanish;Italian;Swedish;Czech;Hungarian;Dutch;Portuguese;Russian;Finnish;x
EVTDESC95516;Before dawn on the first of December, shots crack through Tallinn: the communists have risen, aiming to seize Toompea and hand the republic to Moscow. By morning the rising is broken - by evening the republic stands taller for having survived it.;French;German;Polish;Spanish;Italian;Swedish;Czech;Hungarian;Dutch;Portuguese;Russian;Finnish;x
EVTOPTA95516;The republic defended itself, as it always must.;French;German;Polish;Spanish;Italian;Swedish;Czech;Hungarian;Dutch;Portuguese;Russian;Finnish;x
EVTNAME95517;The World Depression Reaches Us;French;German;Polish;Spanish;Italian;Swedish;Czech;Hungarian;Dutch;Portuguese;Russian;Finnish;x
EVTDESC95517;The crash of foreign markets has strangled the export of butter, bacon and paper. Unemployment walks the streets of Tallinn and Narva, and the government must choose which of its promises to keep and which to break.;French;German;Polish;Spanish;Italian;Swedish;Czech;Hungarian;Dutch;Portuguese;Russian;Finnish;x
EVTOPTA95517;Ride out the storm - balance the books.;French;German;Polish;Spanish;Italian;Swedish;Czech;Hungarian;Dutch;Portuguese;Russian;Finnish;x
EVTOPTB95517;Borrow and spend - the people must eat.;French;German;Polish;Spanish;Italian;Swedish;Czech;Hungarian;Dutch;Portuguese;Russian;Finnish;x
EVTNAME95518;The New Constitution;French;German;Polish;Spanish;Italian;Swedish;Czech;Hungarian;Dutch;Portuguese;Russian;Finnish;x
EVTDESC95518;A draft constitution has been prepared for the state: a strong president above the parties, a chamber of national and professional interests, and the rights of the individual written plainly. Its authors call it a constitution for the Estonian character.;French;German;Polish;Spanish;Italian;Swedish;Czech;Hungarian;Dutch;Portuguese;Russian;Finnish;x
EVTOPTA95518;It shall be the law of the land.;French;German;Polish;Spanish;Italian;Swedish;Czech;Hungarian;Dutch;Portuguese;Russian;Finnish;x
EVTNAME95519;The Ultimatum;French;German;Polish;Spanish;Italian;Swedish;Czech;Hungarian;Dutch;Portuguese;Russian;Finnish;x
EVTDESC95519;Moscow demands naval and air bases on our soil, "for our mutual protection." The signature is demanded within hours. The armies that could defend us are an ocean of distance away - yet yielding now may only postpone what yielding invites.;French;German;Polish;Spanish;Italian;Swedish;Czech;Hungarian;Dutch;Portuguese;Russian;Finnish;x
EVTOPTA95519;Sign. Survival first.;French;German;Polish;Spanish;Italian;Swedish;Czech;Hungarian;Dutch;Portuguese;Russian;Finnish;x
EVTOPTB95519;We will not sign away our soil.;French;German;Polish;Spanish;Italian;Swedish;Czech;Hungarian;Dutch;Portuguese;Russian;Finnish;x
EVTNAME95520;The Generals of the War;French;German;Polish;Spanish;Italian;Swedish;Czech;Hungarian;Dutch;Portuguese;Russian;Finnish;x
EVTDESC95520;The war is won, and its commanders have become the first soldiers of the republic: Johan Laidoner, who commanded the Viru front - Andres Larka of the armored trains - Ernst Põdder, whose brigade held the barricades. The republic pins its medals and keeps its generals close.;French;German;Polish;Spanish;Italian;Swedish;Czech;Hungarian;Dutch;Portuguese;Russian;Finnish;x
EVTOPTA95520;For honor, for the nation - and well earned.;French;German;Polish;Spanish;Italian;Swedish;Czech;Hungarian;Dutch;Portuguese;Russian;Finnish;x
declare_independence_title;Declare the Independence of Estonia;French;German;Polish;Spanish;Italian;Swedish;Czech;Hungarian;Dutch;Portuguese;Russian;Finnish;x
declare_independence_desc;In the collapse of the Russian Empire, Maapäev, the Estonian provincial assembly, has voted to declare itself the supreme authority of the land. Let the manifest of independence be read from the balcony of the theatre in Tallinn, and let the world take note.;French;German;Polish;Spanish;Italian;Swedish;Czech;Hungarian;Dutch;Portuguese;Russian;Finnish;x
found_soomusrong_corps_title;Found the Armored Train Division;French;German;Polish;Spanish;Italian;Swedish;Czech;Hungarian;Dutch;Portuguese;Russian;Finnish;x
found_soomusrong_corps_desc;The armored trains that broke the Red advance were improvised by a handful of officers and volunteer crews. Now let the improvisation become an institution: a standing Armored Train Division, with workshops, rail garrisons, and a proper war flag.;French;German;Polish;Spanish;Italian;Swedish;Czech;Hungarian;Dutch;Portuguese;Russian;Finnish;x
establish_estonian_mark_title;Establish the Estonian Mark;French;German;Polish;Spanish;Italian;Swedish;Czech;Hungarian;Dutch;Portuguese;Russian;Finnish;x
establish_estonian_mark_desc;German occupation marks, tsarist rubles and Kerensky notes all circulate at once, each worth less than the paper it is printed on. A national bank and a national currency will let the republic pay its soldiers and price its bread in honest numbers.;French;German;Polish;Spanish;Italian;Swedish;Czech;Hungarian;Dutch;Portuguese;Russian;Finnish;x
found_sakala_society_title;Endorse the Sakala Society;French;German;Polish;Spanish;Italian;Swedish;Czech;Hungarian;Dutch;Portuguese;Russian;Finnish;x
found_sakala_society_desc;Carl Robert Jakobson's newspaper Sakala has become the organ of the radical national movement, read aloud in the township houses of Viljandimaa. Endorsing the society will spread its network of reading rooms and choirs across the province.;French;German;Polish;Spanish;Italian;Swedish;Czech;Hungarian;Dutch;Portuguese;Russian;Finnish;x
organize_setomaa_title;Organize Setomaa;French;German;Polish;Spanish;Italian;Swedish;Czech;Hungarian;Dutch;Portuguese;Russian;Finnish;x
organize_setomaa_desc;Beyond the lakes of the southeast live the Setos, Orthodox in faith and Estonian in loyalty, keeping their half-sung half-spoken language on both sides of the border. Bringing their hamlets under orderly administration will steady the frontier.;French;German;Polish;Spanish;Italian;Swedish;Czech;Hungarian;Dutch;Portuguese;Russian;Finnish;x
found_noored_kotkad_title;Found the Young Eagles;French;German;Polish;Spanish;Italian;Swedish;Czech;Hungarian;Dutch;Portuguese;Russian;Finnish;x
found_noored_kotkad_desc;Let the boys of the republic have wings before they have rifles: a youth organization of sport, scouting and national spirit, so that the next generation grows strong in body and loyal in heart.;French;German;Polish;Spanish;Italian;Swedish;Czech;Hungarian;Dutch;Portuguese;Russian;Finnish;x
expand_kaitseliit_title;Expand the Defence League;French;German;Polish;Spanish;Italian;Swedish;Czech;Hungarian;Dutch;Portuguese;Russian;Finnish;x
expand_kaitseliit_desc;The Kaitseliit proved itself in the war, but the Defence League is still a brotherhood of rifles and good intentions. Armories, drill grounds, a permanent staff and district commands will turn volunteers into a reserve the army can count.;French;German;Polish;Spanish;Italian;Swedish;Czech;Hungarian;Dutch;Portuguese;Russian;Finnish;x
fortify_narva_line_title;Fortify the Narva Line;French;German;Polish;Spanish;Italian;Swedish;Czech;Hungarian;Dutch;Portuguese;Russian;Finnish;x
fortify_narva_line_desc;The river Narva has always been the gate of Estonia, and the gate wants a lock. Concrete positions along the east bank and depth works behind them will make the frontier a wall rather than a line on a map.;French;German;Polish;Spanish;Italian;Swedish;Czech;Hungarian;Dutch;Portuguese;Russian;Finnish;x
build_coastal_defence_title;Build the Coastal Defence;French;German;Polish;Spanish;Italian;Swedish;Czech;Hungarian;Dutch;Portuguese;Russian;Finnish;x
build_coastal_defence_desc;Tallinn's harbor is the republic's front door and its weakest wall. Coastal batteries on Aegna and Naissaar, mine stores and signal stations will make the Gulf a door that can be barred.;French;German;Polish;Spanish;Italian;Swedish;Czech;Hungarian;Dutch;Portuguese;Russian;Finnish;x
expand_kreenholm_title;Expand the Kreenholm Works;French;German;Polish;Spanish;Italian;Swedish;Czech;Hungarian;Dutch;Portuguese;Russian;Finnish;x
expand_kreenholm_desc;On the falls of the Narva stands the largest cotton mill in the empire, Kreenholm, with its own hospital, schools and thousands of hands. Expanding the works will make Narva an industrial city and the republic a cotton power.;French;German;Polish;Spanish;Italian;Swedish;Czech;Hungarian;Dutch;Portuguese;Russian;Finnish;x
estify_tartu_university_title;Estify the University of Tartu;French;German;Polish;Spanish;Italian;Swedish;Czech;Hungarian;Dutch;Portuguese;Russian;Finnish;x
estify_tartu_university_desc;For three centuries the language of the lecture hall has been Latin, then German, then Russian - everything but the language of the land. From this term, the University of Dorpat becomes the University of Tartu, and the language of instruction becomes Estonian.;French;German;Polish;Spanish;Italian;Swedish;Czech;Hungarian;Dutch;Portuguese;Russian;Finnish;x
found_postimees_title;Establish Postimees;French;German;Polish;Spanish;Italian;Swedish;Czech;Hungarian;Dutch;Portuguese;Russian;Finnish;x
found_postimees_desc;The Tartu daily Postimees, under Jaan Tõnisson, shall become the national newspaper of the Estonian countryside: a reader in every farmhouse and a farmhouse in every reader's heart.;French;German;Polish;Spanish;Italian;Swedish;Czech;Hungarian;Dutch;Portuguese;Russian;Finnish;x
enact_womens_suffrage_title;Proclaim Universal Suffrage;French;German;Polish;Spanish;Italian;Swedish;Czech;Hungarian;Dutch;Portuguese;Russian;Finnish;x
enact_womens_suffrage_desc;The republic was born with the vote already promised to every citizen, man and woman alike. Let the promise now be written plainly into the law, so that the first elections of the republic may be the first in Europe to know no line between the sexes.;French;German;Polish;Spanish;Italian;Swedish;Czech;Hungarian;Dutch;Portuguese;Russian;Finnish;x
found_eesti_pank_title;Found the Bank of Estonia;French;German;Polish;Spanish;Italian;Swedish;Czech;Hungarian;Dutch;Portuguese;Russian;Finnish;x
found_eesti_pank_desc;A state needs more than money - it needs the machinery of money. The Bank of Estonia, Eesti Pank, shall issue the mark, guard the gold reserve, and stand behind every note the treasury prints.;French;German;Polish;Spanish;Italian;Swedish;Czech;Hungarian;Dutch;Portuguese;Russian;Finnish;x
soomusrong_corps;Armored Train Doctrine;French;German;Polish;Spanish;Italian;Swedish;Czech;Hungarian;Dutch;Portuguese;Russian;Finnish;x
soomusrong_morale;Rail Garrison Morale;French;German;Polish;Spanish;Italian;Swedish;Czech;Hungarian;Dutch;Portuguese;Russian;Finnish;x
estonian_cultural_awakening;National Awakening;French;German;Polish;Spanish;Italian;Swedish;Czech;Hungarian;Dutch;Portuguese;Russian;Finnish;x
estonian_national_unity;National Unity;French;German;Polish;Spanish;Italian;Swedish;Czech;Hungarian;Dutch;Portuguese;Russian;Finnish;x
baltic_student_body;Student Corporation;French;German;Polish;Spanish;Italian;Swedish;Czech;Hungarian;Dutch;Portuguese;Russian;Finnish;x
estonian_folk_high_schools;Folk High Schools;French;German;Polish;Spanish;Italian;Swedish;Czech;Hungarian;Dutch;Portuguese;Russian;Finnish;x
russian_minority_conciliation;Minority Conciliation;French;German;Polish;Spanish;Italian;Swedish;Czech;Hungarian;Dutch;Portuguese;Russian;Finnish;x
estonian_volunteer_spirit;Volunteer Spirit;French;German;Polish;Spanish;Italian;Swedish;Czech;Hungarian;Dutch;Portuguese;Russian;Finnish;x
vaps_movement;Vaps Movement;French;German;Polish;Spanish;Italian;Swedish;Czech;Hungarian;Dutch;Portuguese;Russian;Finnish;x
baltic_handelsvertrag;Baltic Trade Treaty;French;German;Polish;Spanish;Italian;Swedish;Czech;Hungarian;Dutch;Portuguese;Russian;Finnish;x
estonian_shipyards;Estonian Shipyards;French;German;Polish;Spanish;Italian;Swedish;Czech;Hungarian;Dutch;Portuguese;Russian;Finnish;x
defence_league_hq;Defence League HQ;French;German;Polish;Spanish;Italian;Swedish;Czech;Hungarian;Dutch;Portuguese;Russian;Finnish;x
kalevipoeg_legacy;Kalevipoeg Legacy;French;German;Polish;Spanish;Italian;Swedish;Czech;Hungarian;Dutch;Portuguese;Russian;Finnish;x
estonian_choral_tradition;Choral Tradition;French;German;Polish;Spanish;Italian;Swedish;Czech;Hungarian;Dutch;Portuguese;Russian;Finnish;x
estonian_depression;Export Depression;French;German;Polish;Spanish;Italian;Swedish;Czech;Hungarian;Dutch;Portuguese;Russian;Finnish;x
