fennoman_language_program_title;The Fennoman Program;French;German;Polish;Spanish;Italian;Swedish;Czech;Hungarian;Dutch;Portuguese;Russian;Finnish;x
fennoman_language_program_desc;The fennomans' demand in one statute: Finnish shall be the language of the courts, the offices and the schools of the land. The svecomans will protest; the parishes will rejoice; the officials will learn to decline Finnish nouns.;French;German;Polish;Spanish;Italian;Swedish;Czech;Hungarian;Dutch;Portuguese;Russian;Finnish;x
finnish_folk_culture_title;Patronage of the Folk Culture;French;German;Polish;Spanish;Italian;Swedish;Czech;Hungarian;Dutch;Portuguese;Russian;Finnish;x
finnish_folk_culture_desc;Kantele players at the manor gate and runic singers on the festival stage: state patronage for the old songs and crafts, so that the nation's memory becomes the nation's pride.;French;German;Polish;Spanish;Italian;Swedish;Czech;Hungarian;Dutch;Portuguese;Russian;Finnish;x
declare_finnish_independence_title;Declare the Independence of Finland;French;German;Polish;Spanish;Italian;Swedish;Czech;Hungarian;Dutch;Portuguese;Russian;Finnish;x
declare_finnish_independence_desc;The empire is convulsed, the moment is at hand: Finland declares herself a sovereign republic among the nations, by right and by the will of the Diet. Let the bells ring from the gulf to the far hills.;French;German;Polish;Spanish;Italian;Swedish;Czech;Hungarian;Dutch;Portuguese;Russian;Finnish;x
ubd_claim_lithuania_title;Claim the Lithuanian Lands;French;German;Polish;Spanish;Italian;Swedish;Czech;Hungarian;Dutch;Portuguese;Russian;Finnish;x
ubd_claim_lithuania_desc;The name says what it means: United Baltic Provinces - all of them. Let the Lithuanian lands stand under the same crown as the Estonian and Latvian ones, three nations, one state, from the gulf to the Niemen.;French;German;Polish;Spanish;Italian;Swedish;Czech;Hungarian;Dutch;Portuguese;Russian;Finnish;x
ubd_claim_latvia_title;Claim the Latvian Lands;French;German;Polish;Spanish;Italian;Swedish;Czech;Hungarian;Dutch;Portuguese;Russian;Finnish;x
ubd_claim_latvia_desc;The Latvian shore belongs with the Estonian one: the Daugava road and the song grounds under the same flag, as the awakening's founders always intended.;French;German;Polish;Spanish;Italian;Swedish;Czech;Hungarian;Dutch;Portuguese;Russian;Finnish;x
ubd_finnic_patronage_title;Finnic Cultural Patronage;French;German;Polish;Spanish;Italian;Swedish;Czech;Hungarian;Dutch;Portuguese;Russian;Finnish;x
ubd_finnic_patronage_desc;The kindred peoples of the gulf look to the south shore: let our presses print their songbooks, our universities seat their scholars, and our friendship stand openly with the Finns.;French;German;Polish;Spanish;Italian;Swedish;Czech;Hungarian;Dutch;Portuguese;Russian;Finnish;x
