BLW;Baltic Territorial Army;Baltic Territorial Army;Baltic Territorial Army;;Baltic Territorial Army;;;;;;;;;x;;;;
BLW_ADJ;Baltic German;Allemand balte;Baltendeutsche;;Báltico-alemán;;;;;;;;;x;;;;
BLW_conservative;The Ritterchaft Faction;La faction du Ritterschaft;Die Ritterschafts-Fraktion;;La facción de la Ritterschaft;;;;;;;;;x;;;;
BLW_liberal;The Liberal Faction;Faction libérale;Die liberale Fraktion;;La facción liberal;;;;;;;;;x;;;;
BLW_reactionary;The Reactionary Faction;Faction réactionnaire;Die reaktionäre Fraktion;;La facción reaccionaria;;;;;;;;;x;;;;
BLW_anarcho_liberal;The Radical Faction;Faction radicale;Die radikale Fraktion;;La facción radical;;;;;;;;;x;;;;
BLW_socialist;The Social Democratic Faction;Faction social-démocrate;Die sozialdemokratische Fraktion;;La facción socialdemócrata;;;;;;;;;x;;;;
BLW_communist;The Communist Faction;Faction communiste;Die kommunistische Fraktion;;La facción comunista;;;;;;;;;x;;;;
BLW_fascist;The Fascist Faction;Faction fasciste;Die faschistische Fraktion;;La facción fascista;;;;;;;;;x;;;;
EVTNAME95531;The Landeswehr Rising;La levée de la Landeswehr;Der Aufstand der Landeswehr;;El alzamiento de la Landeswehr;;;;;;;;;x;;;;
EVTDESC95531;The old order in the Baltic provinces has collapsed. War rages, the countryside is in ferment, and the estates of the Baltic German nobility see their centuries-old privileges slipping away. The Ritterschaft has raised the Baltic Territorial Army - the Landeswehr - and in Reval and Narva the German boroughs have declared for it. The estates demand a state of their own; the Estonian countryside will not follow them. The question of the hour: the sword, or an uneasy parting?;French;German;Polish;Spanish;Italian;Swedish;Czech;Hungarian;Dutch;Portuguese;Russian;Finnish;x
EVTOPTA95531;The Landeswehr shall answer for its treason in arms!;French;German;Polish;Spanish;Italian;Swedish;Czech;Hungarian;Dutch;Portuguese;Russian;Finnish;x
EVTOPTB95531;Let the German boroughs go - but the land is ours, and they shall have no more.;French;German;Polish;Spanish;Italian;Swedish;Czech;Hungarian;Dutch;Portuguese;Russian;Finnish;x
EVTNAME95532;The Landeswehr Consolidates;La Landeswehr se consolide;Die Landeswehr festigt sich;;La Landeswehr se consolida;;;;;;;;;x;;;;
EVTDESC95532;With rifles secured from Germany and officers seasoned in the Great War, the Baltic Territorial Army drills in the courtyard of every manor in the land. Major Alfred Fletcher, the Englishman who took command of the ragged force and forged it into an army, leads the muster. The Landeswehr parades through Reval under the black-white-red, the ducal arms at its heart, and the estates breathe easier.;French;German;Polish;Spanish;Italian;Swedish;Czech;Hungarian;Dutch;Portuguese;Russian;Finnish;x
EVTOPTA95532;An army of gentlemen, for the gentlemen's land.;French;German;Polish;Spanish;Italian;Swedish;Czech;Hungarian;Dutch;Portuguese;Russian;Finnish;x
EVTNAME95533;The Baltic Germans Rally;Les Allemands baltes se rallient;Die Baltendeutschen rücken an;;Los alemanes del Báltico se suman;;;;;;;;;x;;;;
EVTDESC95533;From Reval to Riga the manors fly the black-white-red of the old Reich, the ducal arms at its heart. Baltic German bankers in the capital subscribe to the Landeswehr's war loans, and the estate owners send their sons and their tenant levies to the colors. The Landeswehr is no longer a mutinous militia - it is the armed conscience of a people.;French;German;Polish;Spanish;Italian;Swedish;Czech;Hungarian;Dutch;Portuguese;Russian;Finnish;x
EVTOPTA95533;Blood and soil of the Baltic.;French;German;Polish;Spanish;Italian;Swedish;Czech;Hungarian;Dutch;Portuguese;Russian;Finnish;x
