EVTNAME95600;The Kalevala Is Published;French;German;Polish;Spanish;Italian;Swedish;Czech;Hungarian;Dutch;Portuguese;Russian;Finnish;x
EVTDESC95600;Elias Lönnrot has walked the parish roads with his notebook, and out of a thousand singers' mouths he has stitched the old songs into one tale: Väinämöinen's wisdom, the forging of the Sampo, the doings of gods and heroes. The Kalevala lies printed in Helsinki, and every farmhouse that learns to read it learns also that the Finnish tongue has an epic of its own.;French;German;Polish;Spanish;Italian;Swedish;Czech;Hungarian;Dutch;Portuguese;Russian;Finnish;x
EVTOPTA95600;Let the songs be read in every parish!;French;German;Polish;Spanish;Italian;Swedish;Czech;Hungarian;Dutch;Portuguese;Russian;Finnish;x
EVTOPTB95600;A curiosity for the scholars.;French;German;Polish;Spanish;Italian;Swedish;Czech;Hungarian;Dutch;Portuguese;Russian;Finnish;x
EVTNAME95601;The Language Strife;French;German;Polish;Spanish;Italian;Swedish;Czech;Hungarian;Dutch;Portuguese;Russian;Finnish;x
EVTDESC95601;The business of the realm runs in Swedish, the pulpits and the schoolhouses run in Finnish. The fennomans demand that the language of the four Estates be the language of the state. The svecomans answer that Swedish law and Swedish learning built this land. The Diet must choose which tongue shall govern.;French;German;Polish;Spanish;Italian;Swedish;Czech;Hungarian;Dutch;Portuguese;Russian;Finnish;x
EVTOPTA95601;Finnish shall be the language of the land.;French;German;Polish;Spanish;Italian;Swedish;Czech;Hungarian;Dutch;Portuguese;Russian;Finnish;x
EVTOPTB95601;The old tongue of the law shall stand.;French;German;Polish;Spanish;Italian;Swedish;Czech;Hungarian;Dutch;Portuguese;Russian;Finnish;x
EVTNAME95602;The Diet Assembles;French;German;Polish;Spanish;Italian;Swedish;Czech;Hungarian;Dutch;Portuguese;Russian;Finnish;x
EVTDESC95602;For the first time in half a century the Estates of the realm are summoned to Porvoo: clergy, nobility, burghers and the farmers - the last an estate no other realm grants its peasantry. The Diet deliberates on currency, roads, schools, and the standing of the Finnish tongue.;French;German;Polish;Spanish;Italian;Swedish;Czech;Hungarian;Dutch;Portuguese;Russian;Finnish;x
EVTOPTA95602;Let the Estates meet and the realm prosper.;French;German;Polish;Spanish;Italian;Swedish;Czech;Hungarian;Dutch;Portuguese;Russian;Finnish;x
EVTOPTB95602;We shall govern without their advice.;French;German;Polish;Spanish;Italian;Swedish;Czech;Hungarian;Dutch;Portuguese;Russian;Finnish;x
EVTNAME95603;The First Railway;French;German;Polish;Spanish;Italian;Swedish;Czech;Hungarian;Dutch;Portuguese;Russian;Finnish;x
EVTDESC95603;Smoke and iron between Helsinki and Hämeenlinna: the first stretch of track in the land is open. The engineers have laid it to a gauge wider than the Russian one, so that no invader's rolling stock may ride it - a small decision, much remembered.;French;German;Polish;Spanish;Italian;Swedish;Czech;Hungarian;Dutch;Portuguese;Russian;Finnish;x
EVTOPTA95603;Widen the rails and bind the land together.;French;German;Polish;Spanish;Italian;Swedish;Czech;Hungarian;Dutch;Portuguese;Russian;Finnish;x
EVTNAME95604;The Finnish Guard Battalion;French;German;Polish;Spanish;Italian;Swedish;Czech;Hungarian;Dutch;Portuguese;Russian;Finnish;x
EVTDESC95604;A battalion of the line, recruited from Finnish soil and drilled in Helsinki, has won its colors. For the young men of the parish it is a school of arms - and of national feeling, the Guard's bandsmen play Finnish airs on parade days, and the crowd hums along.;French;German;Polish;Spanish;Italian;Swedish;Czech;Hungarian;Dutch;Portuguese;Russian;Finnish;x
EVTOPTA95604;The Guard marches under its own flag.;French;German;Polish;Spanish;Italian;Swedish;Czech;Hungarian;Dutch;Portuguese;Russian;Finnish;x
EVTOPTB95604;Keep the youth at their ploughs.;French;German;Polish;Spanish;Italian;Swedish;Czech;Hungarian;Dutch;Portuguese;Russian;Finnish;x
EVTNAME95605;The Markka and the Bank;French;German;Polish;Spanish;Italian;Swedish;Czech;Hungarian;Dutch;Portuguese;Russian;Finnish;x
EVTDESC95605;The Bank of Suomi shall issue a markka of its own, tied to silver, and the realm shall price its timber and tar in its own coin. The merchants of Helsinki and Turku toast the new banknotes, the ruble's agents take note.;French;German;Polish;Spanish;Italian;Swedish;Czech;Hungarian;Dutch;Portuguese;Russian;Finnish;x
EVTOPTA95605;Honest coin for an honest people.;French;German;Polish;Spanish;Italian;Swedish;Czech;Hungarian;Dutch;Portuguese;Russian;Finnish;x
EVTNAME95606;The February Manifesto;French;German;Polish;Spanish;Italian;Swedish;Czech;Hungarian;Dutch;Portuguese;Russian;Finnish;x
EVTDESC95606;A decree from Petersburg has swept away the Diet's old privileges by a stroke of the imperial pen. The officials call it administrative order, the lawyers call it usurpation. Across the land a strange silence follows - and beneath the silence, a petition with half a million names, and song meetings that are not quite political and not quite innocent.;French;German;Polish;Spanish;Italian;Swedish;Czech;Hungarian;Dutch;Portuguese;Russian;Finnish;x
EVTOPTA95606;We shall resist lawfully and without violence.;French;German;Polish;Spanish;Italian;Swedish;Czech;Hungarian;Dutch;Portuguese;Russian;Finnish;x
EVTOPTB95606;Submission, for now.;French;German;Polish;Spanish;Italian;Swedish;Czech;Hungarian;Dutch;Portuguese;Russian;Finnish;x
EVTNAME95607;A National Music;French;German;Polish;Spanish;Italian;Swedish;Czech;Hungarian;Dutch;Portuguese;Russian;Finnish;x
EVTDESC95607;A young composer has drawn the Kalevala's runs into music: the kantele's plucked strings and the deep drone of strings and brass, old tunes set for concert halls. Foreign critics call it northern fire, at home, everyone simply recognizes it.;French;German;Polish;Spanish;Italian;Swedish;Czech;Hungarian;Dutch;Portuguese;Russian;Finnish;x
EVTOPTA95607;Let the world hear what our forests sound like.;French;German;Polish;Spanish;Italian;Swedish;Czech;Hungarian;Dutch;Portuguese;Russian;Finnish;x
EVTNAME95608;The Folk High Schools;French;German;Polish;Spanish;Italian;Swedish;Czech;Hungarian;Dutch;Portuguese;Russian;Finnish;x
EVTDESC95608;On the Danish pattern, the movement has founded folk high schools: boarding houses of learning for grown farmers' sons and daughters, where history and the mother tongue are taught by lantern light in the winter months. The students return to their parishes reading newspapers and asking questions.;French;German;Polish;Spanish;Italian;Swedish;Czech;Hungarian;Dutch;Portuguese;Russian;Finnish;x
EVTOPTA95608;A school in every province!;French;German;Polish;Spanish;Italian;Swedish;Czech;Hungarian;Dutch;Portuguese;Russian;Finnish;x
EVTOPTB95608;The parish schools suffice.;French;German;Polish;Spanish;Italian;Swedish;Czech;Hungarian;Dutch;Portuguese;Russian;Finnish;x
EVTNAME95609;The America Letters;French;German;Polish;Spanish;Italian;Swedish;Czech;Hungarian;Dutch;Portuguese;Russian;Finnish;x
EVTDESC95609;From the iron mines of Michigan and the forests of Wisconsin the letters come back, in careful Finnish on ruled paper: wages beyond imagining, land for the taking, and cold winters that kill a man's homesickness. In the parish houses they are read aloud, and the young men look at the door.;French;German;Polish;Spanish;Italian;Swedish;Czech;Hungarian;Dutch;Portuguese;Russian;Finnish;x
EVTOPTA95609;Let those who must go, go - and send money home.;French;German;Polish;Spanish;Italian;Swedish;Czech;Hungarian;Dutch;Portuguese;Russian;Finnish;x
EVTOPTB95609;The land needs its strong arms here.;French;German;Polish;Spanish;Italian;Swedish;Czech;Hungarian;Dutch;Portuguese;Russian;Finnish;x
EVTNAME95610;The Sea Fortress Refit;French;German;Polish;Spanish;Italian;Swedish;Czech;Hungarian;Dutch;Portuguese;Russian;Finnish;x
EVTDESC95610;The old Swedish bastions on the islands before Helsinki have kept their silence for a century, modern shells would laugh at them. The engineers propose new batteries, casemates, and coastal guns. It is ruinously expensive, and the grand duchy's budget is not its own to spend.;French;German;Polish;Spanish;Italian;Swedish;Czech;Hungarian;Dutch;Portuguese;Russian;Finnish;x
EVTOPTA95610;Spare no expense on the guns.;French;German;Polish;Spanish;Italian;Swedish;Czech;Hungarian;Dutch;Portuguese;Russian;Finnish;x
EVTOPTB95610;A modest refit will do.;French;German;Polish;Spanish;Italian;Swedish;Czech;Hungarian;Dutch;Portuguese;Russian;Finnish;x
EVTNAME95611;Kansakoulu: Schools for the People;French;German;Polish;Spanish;Italian;Swedish;Czech;Hungarian;Dutch;Portuguese;Russian;Finnish;x
EVTDESC95611;A primary school law for the whole land: every child shall learn letters and numbers in the mother tongue, and the parish shall keep the schoolhouse. It will cost money and teachers, and it will return a people who cannot be told what to think, because they can read.;French;German;Polish;Spanish;Italian;Swedish;Czech;Hungarian;Dutch;Portuguese;Russian;Finnish;x
EVTOPTA95611;Every child, every parish, every year.;French;German;Polish;Spanish;Italian;Swedish;Czech;Hungarian;Dutch;Portuguese;Russian;Finnish;x
EVTOPTB95611;The Church already teaches the letters.;French;German;Polish;Spanish;Italian;Swedish;Czech;Hungarian;Dutch;Portuguese;Russian;Finnish;x
EVTNAME95612;The Sauna Parliament;French;German;Polish;Spanish;Italian;Swedish;Czech;Hungarian;Dutch;Portuguese;Russian;Finnish;x
EVTDESC95612;No statute decrees it, yet every traveler learns it: the true business of the countryside is settled in the steam. In the sauna the farmer and the neighbor speak as equals, grievances soften, and the village finds one mind. The foreign observer finds nothing to report, the census of well-being rises nonetheless.;French;German;Polish;Spanish;Italian;Swedish;Czech;Hungarian;Dutch;Portuguese;Russian;Finnish;x
EVTOPTA95612;Where the steam rises, the quarrels fall.;French;German;Polish;Spanish;Italian;Swedish;Czech;Hungarian;Dutch;Portuguese;Russian;Finnish;x
EVTNAME95613;The Purge of the University;French;German;Polish;Spanish;Italian;Swedish;Czech;Hungarian;Dutch;Portuguese;Russian;Finnish;x
EVTDESC95613;A new statute from Petersburg: the University's chairs shall answer to the imperial ministry, discipline committees shall root out seditious teaching, and history is to be instructed with the proper reverence for the empire's unity. Professors resign rather than sign, students boycott the lectures.;French;German;Polish;Spanish;Italian;Swedish;Czech;Hungarian;Dutch;Portuguese;Russian;Finnish;x
EVTOPTA95613;The scholars resist - quietly and completely.;French;German;Polish;Spanish;Italian;Swedish;Czech;Hungarian;Dutch;Portuguese;Russian;Finnish;x
EVTOPTB95613;We cannot shield them from the ministry.;French;German;Polish;Spanish;Italian;Swedish;Czech;Hungarian;Dutch;Portuguese;Russian;Finnish;x
EVTNAME95614;The Underground Press;French;German;Polish;Spanish;Italian;Swedish;Czech;Hungarian;Dutch;Portuguese;Russian;Finnish;x
EVTDESC95614;The gendarmes confiscate the printing press, a week later another one runs in a barn loft, printing on cheap paper with a hand-inked plate. The forbidden journal travels by boat and by schoolmistress's basket. Every seizure makes the next printing bolder.;French;German;Polish;Spanish;Italian;Swedish;Czech;Hungarian;Dutch;Portuguese;Russian;Finnish;x
EVTOPTA95614;Let the words travel by night.;French;German;Polish;Spanish;Italian;Swedish;Czech;Hungarian;Dutch;Portuguese;Russian;Finnish;x
EVTOPTB95614;Look away - we saw nothing.;French;German;Polish;Spanish;Italian;Swedish;Czech;Hungarian;Dutch;Portuguese;Russian;Finnish;x
