EVTNAME95700;The First Latvian Song Festival;French;German;Polish;Spanish;Italian;Swedish;Czech;Hungarian;Dutch;Portuguese;Russian;Finnish;x
EVTDESC95700;In Riga the choirs have gathered: a thousand singers from the parishes, in white shirts and woven sashes, and the songs have no lords' names in them. The German papers sneer at peasant merriment; the Russian governor notes the crowds and files a report. Both miss the point - a nation has heard itself.;French;German;Polish;Spanish;Italian;Swedish;Czech;Hungarian;Dutch;Portuguese;Russian;Finnish;x
EVTOPTA95700;Let the whole nation sing!;French;German;Polish;Spanish;Italian;Swedish;Czech;Hungarian;Dutch;Portuguese;Russian;Finnish;x
EVTOPTB95700;Song is cheap; order is dear.;French;German;Polish;Spanish;Italian;Swedish;Czech;Hungarian;Dutch;Portuguese;Russian;Finnish;x
EVTNAME95701;The Young Latvians;French;German;Polish;Spanish;Italian;Swedish;Czech;Hungarian;Dutch;Portuguese;Russian;Finnish;x
EVTDESC95701;A circle of schoolmasters and students - the Young Latvians - has opened a newspaper in the farmers' own tongue, arguing that the land's language, land and learning belong to those who plough it, not only to those who own it. The Baltic German press calls them peasants playing at politics.;French;German;Polish;Spanish;Italian;Swedish;Czech;Hungarian;Dutch;Portuguese;Russian;Finnish;x
EVTOPTA95701;The press belongs to the people who read it.;French;German;Polish;Spanish;Italian;Swedish;Czech;Hungarian;Dutch;Portuguese;Russian;Finnish;x
EVTOPTB95701;The censors should read it first.;French;German;Polish;Spanish;Italian;Swedish;Czech;Hungarian;Dutch;Portuguese;Russian;Finnish;x
EVTNAME95702;Barons and the Dainas;French;German;Polish;Spanish;Italian;Swedish;Czech;Hungarian;Dutch;Portuguese;Russian;Finnish;x
EVTDESC95702;Krisjanis Barons has gathered the dainas - the short songs of the farmers, tens of thousands of them, each four lines old as the plough - into one great cabinet of drawers, one song to a slip. The nation's whole memory in a piece of furniture; now the scholars read what the villages never forgot.;French;German;Polish;Spanish;Italian;Swedish;Czech;Hungarian;Dutch;Portuguese;Russian;Finnish;x
EVTOPTA95702;Every drawer holds a nation's heart.;French;German;Polish;Spanish;Italian;Swedish;Czech;Hungarian;Dutch;Portuguese;Russian;Finnish;x
EVTNAME95703;The Riga Polytechnic;French;German;Polish;Spanish;Italian;Swedish;Czech;Hungarian;Dutch;Portuguese;Russian;Finnish;x
EVTDESC95703;Riga's merchants and engineers have founded a Polytechnic: chemistry, mechanics, commerce, taught to the sons - and soon the daughters - of the city. German is the lecture language still, but the workshops answer to no man's flag, and the graduates will build the port's cranes, mills and bridges.;French;German;Polish;Spanish;Italian;Swedish;Czech;Hungarian;Dutch;Portuguese;Russian;Finnish;x
EVTOPTA95703;A school for the city that builds.;French;German;Polish;Spanish;Italian;Swedish;Czech;Hungarian;Dutch;Portuguese;Russian;Finnish;x
EVTOPTB95703;The guilds taught well enough before.;French;German;Polish;Spanish;Italian;Swedish;Czech;Hungarian;Dutch;Portuguese;Russian;Finnish;x
EVTNAME95704;The New Current;French;German;Polish;Spanish;Italian;Swedish;Czech;Hungarian;Dutch;Portuguese;Russian;Finnish;x
EVTDESC95704;A younger generation has outgrown the patriots of the awakening: they call themselves the New Current, they read Marx on smuggled paper, and they ask not for song festivals but for land, wages and the vote. The young socialist workers of Riga's mills do not sing - they organize.;French;German;Polish;Spanish;Italian;Swedish;Czech;Hungarian;Dutch;Portuguese;Russian;Finnish;x
EVTOPTA95704;The current cannot be dammed.;French;German;Polish;Spanish;Italian;Swedish;Czech;Hungarian;Dutch;Portuguese;Russian;Finnish;x
EVTOPTB95704;The mills will be quiet again.;French;German;Polish;Spanish;Italian;Swedish;Czech;Hungarian;Dutch;Portuguese;Russian;Finnish;x
EVTNAME95705;The Harbor of Riga;French;German;Polish;Spanish;Italian;Swedish;Czech;Hungarian;Dutch;Portuguese;Russian;Finnish;x
EVTDESC95705;Grain, timber, flax and hemp: the Daugava road floats the harvest of a hundred parishes down to Riga's quays, and from Riga's quays to the world. The harbor cranes work from first light to last; the stevedores sing in two languages; the customs ledgers grow fat.;French;German;Polish;Spanish;Italian;Swedish;Czech;Hungarian;Dutch;Portuguese;Russian;Finnish;x
EVTOPTA95705;The harbor feeds the city.;French;German;Polish;Spanish;Italian;Swedish;Czech;Hungarian;Dutch;Portuguese;Russian;Finnish;x
EVTNAME95706;The Latvian Riflemen;French;German;Polish;Spanish;Italian;Swedish;Czech;Hungarian;Dutch;Portuguese;Russian;Finnish;x
EVTDESC95706;The war has come to the Daugava, and the army has called for volunteers: battalions of riflemen, raised from the farms and factories, trained and officered in a manner the old empire never allowed. They ask one question the recruiters do not answer - when the war ends, whose army will they be?;French;German;Polish;Spanish;Italian;Swedish;Czech;Hungarian;Dutch;Portuguese;Russian;Finnish;x
EVTOPTA95706;Give them rifles - and remember they are ours.;French;German;Polish;Spanish;Italian;Swedish;Czech;Hungarian;Dutch;Portuguese;Russian;Finnish;x
EVTNAME95707;Lacplesis;French;German;Polish;Spanish;Italian;Swedish;Czech;Hungarian;Dutch;Portuguese;Russian;Finnish;x
EVTDESC95707;Pumpurs' epic is printed: the Bear-Slayer, born of a man and a she-bear, who wrestles the Black Knight for the fate of the land. Every reader knows who the Black Knight is meant to be. The censor apparently did not.;French;German;Polish;Spanish;Italian;Swedish;Czech;Hungarian;Dutch;Portuguese;Russian;Finnish;x
EVTOPTA95707;The Bear-Slayer fights again.;French;German;Polish;Spanish;Italian;Swedish;Czech;Hungarian;Dutch;Portuguese;Russian;Finnish;x
EVTNAME95708;The Folk Costumes;French;German;Polish;Spanish;Italian;Swedish;Czech;Hungarian;Dutch;Portuguese;Russian;Finnish;x
EVTDESC95708;On Sundays the old patterns come out of the chests: the great pinned shawls, the silver brooches, the striped skirts of a hundred villages, each stripe a parish's own. The city photographers make postcards of them; the young women make something else - a flag without a flagpole.;French;German;Polish;Spanish;Italian;Swedish;Czech;Hungarian;Dutch;Portuguese;Russian;Finnish;x
EVTOPTA95708;Wear the grandmother's silver with pride.;French;German;Polish;Spanish;Italian;Swedish;Czech;Hungarian;Dutch;Portuguese;Russian;Finnish;x
EVTNAME95709;The Dairy Cooperatives;French;German;Polish;Spanish;Italian;Swedish;Czech;Hungarian;Dutch;Portuguese;Russian;Finnish;x
EVTDESC95709;The farmers of one parish have built a creamery together: everyone's milk in everyone's churn, and the butter sold under one brand to England. The manor lords called it communism; the cooperative's ledger called it a dividend. By autumn every district wants one.;French;German;Polish;Spanish;Italian;Swedish;Czech;Hungarian;Dutch;Portuguese;Russian;Finnish;x
EVTOPTA95709;One churn, one purse, one butter.;French;German;Polish;Spanish;Italian;Swedish;Czech;Hungarian;Dutch;Portuguese;Russian;Finnish;x
EVTOPTB95709;Let each churn his own.;French;German;Polish;Spanish;Italian;Swedish;Czech;Hungarian;Dutch;Portuguese;Russian;Finnish;x
EVTNAME95710;The Year 1905;French;German;Polish;Spanish;Italian;Swedish;Czech;Hungarian;Dutch;Portuguese;Russian;Finnish;x
EVTDESC95710;The news from Petersburg has lit the Baltic countryside: farmhands strike, teachers resign, crowds burn the manor record-books in the yard - the old serf registers, the debt rolls, the lists of dues. The punitive columns answer with the birch rod and the gallows. An old order is ending badly.;French;German;Polish;Spanish;Italian;Swedish;Czech;Hungarian;Dutch;Portuguese;Russian;Finnish;x
EVTOPTA95710;Let the old ledgers burn!;French;German;Polish;Spanish;Italian;Swedish;Czech;Hungarian;Dutch;Portuguese;Russian;Finnish;x
EVTOPTB95710;Send the columns - restore quiet.;French;German;Polish;Spanish;Italian;Swedish;Czech;Hungarian;Dutch;Portuguese;Russian;Finnish;x
EVTNAME95800;The Press Ban;French;German;Polish;Spanish;Italian;Swedish;Czech;Hungarian;Dutch;Portuguese;Russian;Finnish;x
EVTDESC95800;By imperial decree, not a single letter shall be printed in Lithuanian with our letters: the language may exist, but only in the Russian alphabet. The printing shops cross the border into East Prussia; the books come back across it in coal sacks, under sled loads, inside bibles.;French;German;Polish;Spanish;Italian;Swedish;Czech;Hungarian;Dutch;Portuguese;Russian;Finnish;x
EVTOPTA95800;The knygnesys ride by night.;French;German;Polish;Spanish;Italian;Swedish;Czech;Hungarian;Dutch;Portuguese;Russian;Finnish;x
EVTOPTB95800;The border guards earn their pay tonight.;French;German;Polish;Spanish;Italian;Swedish;Czech;Hungarian;Dutch;Portuguese;Russian;Finnish;x
EVTNAME95801;Ausra;French;German;Polish;Spanish;Italian;Swedish;Czech;Hungarian;Dutch;Portuguese;Russian;Finnish;x
EVTDESC95801;From a press in far-off Ragnit the first number of Ausra - the Dawn - has crossed the border in the coal sacks: a Lithuanian newspaper, in Lithuanian letters, for a people forbidden both. The dawn metaphor is not subtle. It is not meant to be.;French;German;Polish;Spanish;Italian;Swedish;Czech;Hungarian;Dutch;Portuguese;Russian;Finnish;x
EVTOPTA95801;The dawn comes over the border by night.;French;German;Polish;Spanish;Italian;Swedish;Czech;Hungarian;Dutch;Portuguese;Russian;Finnish;x
EVTOPTB95801;A newspaper is a small thing.;French;German;Polish;Spanish;Italian;Swedish;Czech;Hungarian;Dutch;Portuguese;Russian;Finnish;x
EVTNAME95802;Basanavicius Calls the Revival;French;German;Polish;Spanish;Italian;Swedish;Czech;Hungarian;Dutch;Portuguese;Russian;Finnish;x
EVTDESC95802;From his study abroad the scholar has called on every Lithuanian who can hold a pen to write down the songs, the tales, the customs of the farms - a nation, he says, that does not know itself cannot be itself. Committees form; notebooks fill; the farms learn that their grandmothers' songs are history.;French;German;Polish;Spanish;Italian;Swedish;Czech;Hungarian;Dutch;Portuguese;Russian;Finnish;x
EVTOPTA95802;Write down everything the grandmothers remember.;French;German;Polish;Spanish;Italian;Swedish;Czech;Hungarian;Dutch;Portuguese;Russian;Finnish;x
EVTNAME95803;The Great Vilnius Seimas;French;German;Polish;Spanish;Italian;Swedish;Czech;Hungarian;Dutch;Portuguese;Russian;Finnish;x
EVTDESC95803;Two thousand delegates have crowded into Vilnius - farmers, priests, workers - and voted: Lithuania declares herself a nation, with a language, a land, and a say in her own affairs. The empire calls it an assembly of malcontents. The delegates call it the first session.;French;German;Polish;Spanish;Italian;Swedish;Czech;Hungarian;Dutch;Portuguese;Russian;Finnish;x
EVTOPTA95803;Lithuania has spoken: she exists!;French;German;Polish;Spanish;Italian;Swedish;Czech;Hungarian;Dutch;Portuguese;Russian;Finnish;x
EVTOPTB95803;Two thousand malcontents, one gendarme each.;French;German;Polish;Spanish;Italian;Swedish;Czech;Hungarian;Dutch;Portuguese;Russian;Finnish;x
EVTNAME95804;The Land Bank;French;German;Polish;Spanish;Italian;Swedish;Czech;Hungarian;Dutch;Portuguese;Russian;Finnish;x
EVTDESC95804;The manors sell; the farmers buy - but not with cash, with credit: a land bank to lend the purchase price against the harvest, so that the ploughmen may own what they plough. Within a decade the estate ledger-books pass from lords' desks to farmers' strongboxes.;French;German;Polish;Spanish;Italian;Swedish;Czech;Hungarian;Dutch;Portuguese;Russian;Finnish;x
EVTOPTA95804;Lend the farmers their own land.;French;German;Polish;Spanish;Italian;Swedish;Czech;Hungarian;Dutch;Portuguese;Russian;Finnish;x
EVTOPTB95804;Credit is for merchants, not muzhiks.;French;German;Polish;Spanish;Italian;Swedish;Czech;Hungarian;Dutch;Portuguese;Russian;Finnish;x
EVTNAME95805;The Question of the Letters;French;German;Polish;Spanish;Italian;Swedish;Czech;Hungarian;Dutch;Portuguese;Russian;Finnish;x
EVTDESC95805;The printers quarrel over the hard facts of the alphabet: the Polish l, the Slavic sz, the tails and hooks borrowed from the manor houses' Polish bibles. The farmers in the end keep the letters their grandmothers sang in - and the smuggled books all use them.;French;German;Polish;Spanish;Italian;Swedish;Czech;Hungarian;Dutch;Portuguese;Russian;Finnish;x
EVTOPTA95805;Keep the letters of the grandmothers.;French;German;Polish;Spanish;Italian;Swedish;Czech;Hungarian;Dutch;Portuguese;Russian;Finnish;x
EVTNAME95806;The Cholera Year;French;German;Polish;Spanish;Italian;Swedish;Czech;Hungarian;Dutch;Portuguese;Russian;Finnish;x
EVTDESC95806;The sickness has come up the roads from the ports: villages emptied, quarantines broken by frightened neighbors, the parish priests reading the last rites through cloth masks. The doctors ask for a sanitary cordon and the money to keep it; the governor asks who will pay.;French;German;Polish;Spanish;Italian;Swedish;Czech;Hungarian;Dutch;Portuguese;Russian;Finnish;x
EVTOPTA95806;Whatever it costs - hold the cordon.;French;German;Polish;Spanish;Italian;Swedish;Czech;Hungarian;Dutch;Portuguese;Russian;Finnish;x
EVTOPTB95806;The plague always passes.;French;German;Polish;Spanish;Italian;Swedish;Czech;Hungarian;Dutch;Portuguese;Russian;Finnish;x
EVTNAME95807;The Science Society;French;German;Polish;Spanish;Italian;Swedish;Czech;Hungarian;Dutch;Portuguese;Russian;Finnish;x
EVTDESC95807;Basanavicius has come home, and with him the Lithuanian Science Society: archaeology in the burial mounds, dictionaries, folklore in matching notebooks, a museum with a buying budget. The farms send in their old pagan stones when the plough turns them up.;French;German;Polish;Spanish;Italian;Swedish;Czech;Hungarian;Dutch;Portuguese;Russian;Finnish;x
EVTOPTA95807;Dig, collect, remember, publish.;French;German;Polish;Spanish;Italian;Swedish;Czech;Hungarian;Dutch;Portuguese;Russian;Finnish;x
EVTNAME95808;An Anthem for the Nation;French;German;Polish;Spanish;Italian;Swedish;Czech;Hungarian;Dutch;Portuguese;Russian;Finnish;x
EVTDESC95808;Kudirka's hymn is sung first by schoolchildren, then by everyone: 'Thy hills, thy lowlands, our native land' - a song for a country that does not yet sit on any map. The gendarmes copy out the lyrics into their files; the children teach them to their parents.;French;German;Polish;Spanish;Italian;Swedish;Czech;Hungarian;Dutch;Portuguese;Russian;Finnish;x
EVTOPTA95808;Our native land, our dearest one.;French;German;Polish;Spanish;Italian;Swedish;Czech;Hungarian;Dutch;Portuguese;Russian;Finnish;x
EVTNAME95809;The Boats from Memel;French;German;Polish;Spanish;Italian;Swedish;Czech;Hungarian;Dutch;Portuguese;Russian;Finnish;x
EVTDESC95809;From the little port the emigrants board for Hamburg and thence the Atlantic: whole villages of miners' sons bound for the coal of Pennsylvania, farm girls for the mills of New England. The shipping agents' handbills promise everything; the letters home, less - but they enclose money orders.;French;German;Polish;Spanish;Italian;Swedish;Czech;Hungarian;Dutch;Portuguese;Russian;Finnish;x
EVTOPTA95809;Let them go - and send the money home.;French;German;Polish;Spanish;Italian;Swedish;Czech;Hungarian;Dutch;Portuguese;Russian;Finnish;x
EVTOPTB95809;The villages are emptying!;French;German;Polish;Spanish;Italian;Swedish;Czech;Hungarian;Dutch;Portuguese;Russian;Finnish;x
