EVTNAME95900;The Kindred Peoples Congress;French;German;Polish;Spanish;Italian;Swedish;Czech;Hungarian;Dutch;Portuguese;Russian;Finnish;x
EVTDESC95900;Scholars of the small Finnic and Baltic nations have gathered to read papers no great academy would print: Estonian runic songs, Livonian fisherman's vocabulary, Finnish declensions, Latvian dainas - each proof that the small tongues are nations' tongues. The congress ends with a resolution on 'kindred peoples' that the empires file under 'nostalgia'.;French;German;Polish;Spanish;Italian;Swedish;Czech;Hungarian;Dutch;Portuguese;Russian;Finnish;x
EVTOPTA95900;We are kindred - let it be said aloud.;French;German;Polish;Spanish;Italian;Swedish;Czech;Hungarian;Dutch;Portuguese;Russian;Finnish;x
EVTOPTB95900;Scholars will be scholars.;French;German;Polish;Spanish;Italian;Swedish;Czech;Hungarian;Dutch;Portuguese;Russian;Finnish;x
EVTNAME95901;The Steam Ferry Across the Gulf;French;German;Polish;Spanish;Italian;Swedish;Czech;Hungarian;Dutch;Portuguese;Russian;Finnish;x
EVTDESC95901;A regular steam ferry between Tallinn and Helsinki: fourteen hours across the gulf, cargo decks smelling of herring and tar, third-class benches full of songbooks and smuggled newspapers. The two shores have been neighbors for a thousand years, now they can visit.;French;German;Polish;Spanish;Italian;Swedish;Czech;Hungarian;Dutch;Portuguese;Russian;Finnish;x
EVTOPTA95901;Bind the shores together with steel and steam.;French;German;Polish;Spanish;Italian;Swedish;Czech;Hungarian;Dutch;Portuguese;Russian;Finnish;x
EVTOPTB95901;Let the gulf stay wide.;French;German;Polish;Spanish;Italian;Swedish;Czech;Hungarian;Dutch;Portuguese;Russian;Finnish;x
EVTNAME95902;Volunteers Across the Ice;French;German;Polish;Spanish;Italian;Swedish;Czech;Hungarian;Dutch;Portuguese;Russian;Finnish;x
EVTDESC95902;The Estonian envoy in Helsinki reads aloud a single sentence - 'Finland stands with her southern kin' - and the hall rises. Within weeks: Finnish officers for the drill yards, surplus rifles in crates marked 'farm machinery', and a thousand volunteers at the Tallinn quay.;French;German;Polish;Spanish;Italian;Swedish;Czech;Hungarian;Dutch;Portuguese;Russian;Finnish;x
EVTOPTA95902;One shore will not watch the other burn.;French;German;Polish;Spanish;Italian;Swedish;Czech;Hungarian;Dutch;Portuguese;Russian;Finnish;x
EVTNAME95903;The Åland Question;French;German;Polish;Spanish;Italian;Swedish;Czech;Hungarian;Dutch;Portuguese;Russian;Finnish;x
EVTDESC95903;The islands between the two kingdoms speak Swedish, fortify nobody's waters, and belong - for now - to the Finns. Sweden's newspapers demand a plebiscite, Finland's answer is a sentence that ends discussion: 'We are not in the habit of giving away our coasts.' The powers suggest the islands be demilitarized and everyone save face.;French;German;Polish;Spanish;Italian;Swedish;Czech;Hungarian;Dutch;Portuguese;Russian;Finnish;x
EVTOPTA95903;Press the claim - the islands are Swedish.;French;German;Polish;Spanish;Italian;Swedish;Czech;Hungarian;Dutch;Portuguese;Russian;Finnish;x
EVTOPTB95903;Accept the compromise - trade for goodwill.;French;German;Polish;Spanish;Italian;Swedish;Czech;Hungarian;Dutch;Portuguese;Russian;Finnish;x
EVTNAME95904;The Old Shore People;French;German;Polish;Spanish;Italian;Swedish;Czech;Hungarian;Dutch;Portuguese;Russian;Finnish;x
EVTDESC95904;On the islands and the coastal strip live the 'coastal Swedes' - fishermen and farmers whose villages were old when the manors were built, who pay taxes and read their sermons in Swedish. Their elders have come with a petition: schools, a pastorate, and leave to be themselves between the two seas.;French;German;Polish;Spanish;Italian;Swedish;Czech;Hungarian;Dutch;Portuguese;Russian;Finnish;x
EVTOPTA95904;The old shore shall keep its tongue.;French;German;Polish;Spanish;Italian;Swedish;Czech;Hungarian;Dutch;Portuguese;Russian;Finnish;x
EVTOPTB95904;One land, one language.;French;German;Polish;Spanish;Italian;Swedish;Czech;Hungarian;Dutch;Portuguese;Russian;Finnish;x
EVTNAME95905;Scandinavism;French;German;Polish;Spanish;Italian;Swedish;Czech;Hungarian;Dutch;Portuguese;Russian;Finnish;x
EVTDESC95905;At Uppsala and Lund the students have taken up a new toast: 'For Scandinavia!' - one north, three crowns, kinship in blood and law. Denmark's students sing back from Copenhagen, Norway's from Christiania. The kings eye each other over the toast, the professors give it a decade.;French;German;Polish;Spanish;Italian;Swedish;Czech;Hungarian;Dutch;Portuguese;Russian;Finnish;x
EVTOPTA95905;Skål for the North!;French;German;Polish;Spanish;Italian;Swedish;Czech;Hungarian;Dutch;Portuguese;Russian;Finnish;x
EVTOPTB95905;Kings toast no one.;French;German;Polish;Spanish;Italian;Swedish;Czech;Hungarian;Dutch;Portuguese;Russian;Finnish;x
EVTNAME95906;The Society of Finnish Literature;French;German;Polish;Spanish;Italian;Swedish;Czech;Hungarian;Dutch;Portuguese;Russian;Finnish;x
EVTDESC95906;A society with a statute, a printing budget and a purpose: to publish in Finnish what no commercial press will risk - grammars, songbooks, novels, the first plays written to be acted in the language of the farmhands. Subscription lists cross the whole grand duchy, and each village's collective subscription is a small flag.;French;German;Polish;Spanish;Italian;Swedish;Czech;Hungarian;Dutch;Portuguese;Russian;Finnish;x
EVTOPTA95906;Print the language into a nation.;French;German;Polish;Spanish;Italian;Swedish;Czech;Hungarian;Dutch;Portuguese;Russian;Finnish;x
EVTOPTB95906;Let the market decide what is printed.;French;German;Polish;Spanish;Italian;Swedish;Czech;Hungarian;Dutch;Portuguese;Russian;Finnish;x
EVTNAME95907;Stockholm Recognizes Helsinki;French;German;Polish;Spanish;Italian;Swedish;Czech;Hungarian;Dutch;Portuguese;Russian;Finnish;x
EVTDESC95907;The Swedish foreign minister's note is two sentences long and worth a century: Sweden recognizes Finland as a free and sovereign state. In Helsinki the church bells ring, in Stockholm the old mapmakers quietly begin new plates.;French;German;Polish;Spanish;Italian;Swedish;Czech;Hungarian;Dutch;Portuguese;Russian;Finnish;x
EVTOPTA95907;The brother in the east is free - so say we.;French;German;Polish;Spanish;Italian;Swedish;Czech;Hungarian;Dutch;Portuguese;Russian;Finnish;x
EVTNAME95908;The Tornio Valley Trade;French;German;Polish;Spanish;Italian;Swedish;Czech;Hungarian;Dutch;Portuguese;Russian;Finnish;x
EVTDESC95908;Along the northern river the border has never mattered much to the farmers: butter south, timber north, church on whichever bank has the best priest this decade. The customs men on both sides have reached that rarest of understandings - a schedule of tariffs low enough to leave the smugglers unemployed.;French;German;Polish;Spanish;Italian;Swedish;Czech;Hungarian;Dutch;Portuguese;Russian;Finnish;x
EVTOPTA95908;Low duties, warm neighbors.;French;German;Polish;Spanish;Italian;Swedish;Czech;Hungarian;Dutch;Portuguese;Russian;Finnish;x
EVTOPTB95908;A toll is a toll.;French;German;Polish;Spanish;Italian;Swedish;Czech;Hungarian;Dutch;Portuguese;Russian;Finnish;x
EVTNAME95909;Butter, Bacon and the Baltic Trade;French;German;Polish;Spanish;Italian;Swedish;Czech;Hungarian;Dutch;Portuguese;Russian;Finnish;x
EVTDESC95909;Swedish capital, Estonian cream and Latvian bacon: the cooperatives of the eastern shore have found their market in Stockholm's groceries, and Stockholm's banks have found their security in the eastern shore's honest ledgers. The Baltic is becoming what it always should have been - a lake with two busy shores.;French;German;Polish;Spanish;Italian;Swedish;Czech;Hungarian;Dutch;Portuguese;Russian;Finnish;x
EVTOPTA95909;Trade is the surest treaty.;French;German;Polish;Spanish;Italian;Swedish;Czech;Hungarian;Dutch;Portuguese;Russian;Finnish;x
EVTOPTB95909;We can sell to anyone.;French;German;Polish;Spanish;Italian;Swedish;Czech;Hungarian;Dutch;Portuguese;Russian;Finnish;x
EVTNAME95910;The Kindred Congregations;French;German;Polish;Spanish;Italian;Swedish;Czech;Hungarian;Dutch;Portuguese;Russian;Finnish;x
EVTDESC95910;The Finnish-speaking fishermen of the Estonian coast and their Estonian cousins have begun exchanging preachers, hymnals and choir visits across the gulf - each congregation astonished to find its own old songs sung with different words on the far shore. The churches call it ecumenism, the congregations call it family.;French;German;Polish;Spanish;Italian;Swedish;Czech;Hungarian;Dutch;Portuguese;Russian;Finnish;x
EVTOPTA95910;One hymnbook, two shores.;French;German;Polish;Spanish;Italian;Swedish;Czech;Hungarian;Dutch;Portuguese;Russian;Finnish;x
EVTOPTB95910;Let each parish mind its own psalms.;French;German;Polish;Spanish;Italian;Swedish;Czech;Hungarian;Dutch;Portuguese;Russian;Finnish;x
EVTNAME95911;The Nordic Games;French;German;Polish;Spanish;Italian;Swedish;Czech;Hungarian;Dutch;Portuguese;Russian;Finnish;x
EVTDESC95911;Skates on the frozen bay, skis on the hills above the town: the northern nations have sent their farm boys and clerks to race each other for a silver cup and the honor of the parish. Half the crowd has crossed an icy gulf to be here, and considers it nothing.;French;German;Polish;Spanish;Italian;Swedish;Czech;Hungarian;Dutch;Portuguese;Russian;Finnish;x
EVTOPTA95911;Faster, higher, colder!;French;German;Polish;Spanish;Italian;Swedish;Czech;Hungarian;Dutch;Portuguese;Russian;Finnish;x
EVTNAME95912;Stockholm Hears the Song Festivals;French;German;Polish;Spanish;Italian;Swedish;Czech;Hungarian;Dutch;Portuguese;Russian;Finnish;x
EVTDESC95912;The Swedish papers have printed engravings of the Estonian song grounds: tens of thousands in national dress, singing in their own tongue on ground their grandparents could not own. Stockholm's concert societies have invited the choirs across, the invitation is politely political and politically polite.;French;German;Polish;Spanish;Italian;Swedish;Czech;Hungarian;Dutch;Portuguese;Russian;Finnish;x
EVTOPTA95912;Send the choirs their invitation.;French;German;Polish;Spanish;Italian;Swedish;Czech;Hungarian;Dutch;Portuguese;Russian;Finnish;x
EVTOPTB95912;Music is best kept at home.;French;German;Polish;Spanish;Italian;Swedish;Czech;Hungarian;Dutch;Portuguese;Russian;Finnish;x
EVTNAME95913;The Stockholm Proposal;French;German;Polish;Spanish;Italian;Swedish;Czech;Hungarian;Dutch;Portuguese;Russian;Finnish;x
EVTDESC95913;The council in Stockholm has sent a proposal across the gulf: the North has been united in one crown - and the United Baltic Provinces, Swedish in letters and kin in law, should stand within it. The old dream of the Good Old Swedish Time has returned, in the shape of the era's greatest power. The Estates of the Provinces must answer - a union of the North and the Baltic, or the last word on the matter of spheres.;French;German;Polish;Spanish;Italian;Swedish;Czech;Hungarian;Dutch;Portuguese;Russian;Finnish;x
EVTOPTA95913;Vana hea Rootsi aeg - the union of the North is ours to lead!;French;German;Polish;Spanish;Italian;Swedish;Czech;Hungarian;Dutch;Portuguese;Russian;Finnish;x
EVTOPTB95913;We are nobody's province - refuse, and let them come.;French;German;Polish;Spanish;Italian;Swedish;Czech;Hungarian;Dutch;Portuguese;Russian;Finnish;x
EVTNAME95914;The Baltic Refusal;French;German;Polish;Spanish;Italian;Swedish;Czech;Hungarian;Dutch;Portuguese;Russian;Finnish;x
EVTDESC95914;The answer from the Provinces is a refusal - plain, public, and proud. The council in Stockholm is stunned, then furious: a sphere is not a suggestion, the ministers say, and what the crown courts it may also take. The army bureaus begin to draw up plans with familiar coastlines on them.;French;German;Polish;Spanish;Italian;Swedish;Czech;Hungarian;Dutch;Portuguese;Russian;Finnish;x
EVTOPTA95914;They have overstepped - to arms!;French;German;Polish;Spanish;Italian;Swedish;Czech;Hungarian;Dutch;Portuguese;Russian;Finnish;x
EVTOPTB95914;Let the gulf stay wide - but they will remember this.;French;German;Polish;Spanish;Italian;Swedish;Czech;Hungarian;Dutch;Portuguese;Russian;Finnish;x
